algo,correct_ratio_t1,correct_ratio_t2
Data_Structure,40.0,16.666666666666664
Inorder_Walk,53.333333333333336,3.3333333333333335
Min_Max_Values,33.33333333333333,6.666666666666667
Successor_Node,70.0,33.33333333333333
